<?xml version="1.0" encoding="UTF-8"?>
<code_scheme name="mapstruct">
  <option name="CLASS_COUNT_TO_USE_IMPORT_ON_DEMAND" value="99" />
  <option name="NAMES_COUNT_TO_USE_IMPORT_ON_DEMAND" value="99" />
  <option name="IMPORT_LAYOUT_TABLE">
    <value>
      <package name="java" withSubpackages="true" static="false" />
      <package name="javax" withSubpackages="true" static="false" />
      <emptyLine />
      <package name="" withSubpackages="true" static="false" />
      <emptyLine />
      <package name="org.hibernate" withSubpackages="true" static="false" />
      <emptyLine />
      <package name="" withSubpackages="true" static="true" />
    </value>
  </option>
  <option name="JD_ALIGN_PARAM_COMMENTS" value="false" />
  <option name="JD_ALIGN_EXCEPTION_COMMENTS" value="false" />
  <option name="JD_ADD_BLANK_AFTER_PARM_COMMENTS" value="true" />
  <option name="JD_ADD_BLANK_AFTER_RETURN" value="true" />
  <option name="JD_P_AT_EMPTY_LINES" value="false" />
  <option name="ELSE_ON_NEW_LINE" value="true" />
  <option name="CATCH_ON_NEW_LINE" value="true" />
  <option name="FINALLY_ON_NEW_LINE" value="true" />
  <option name="SPACE_WITHIN_PARENTHESES" value="true" />
  <option name="SPACE_WITHIN_METHOD_CALL_PARENTHESES" value="true" />
  <option name="SPACE_WITHIN_IF_PARENTHESES" value="true" />
  <option name="SPACE_WITHIN_WHILE_PARENTHESES" value="true" />
  <option name="SPACE_WITHIN_FOR_PARENTHESES" value="true" />
  <option name="SPACE_WITHIN_CATCH_PARENTHESES" value="true" />
  <option name="SPACE_WITHIN_SWITCH_PARENTHESES" value="true" />
  <option name="SPACE_WITHIN_SYNCHRONIZED_PARENTHESES" value="true" />
  <option name="SPACE_WITHIN_ARRAY_INITIALIZER_BRACES" value="true" />
  <option name="SPACE_BEFORE_ARRAY_INITIALIZER_LBRACE" value="true" />
  <option name="CALL_PARAMETERS_WRAP" value="5" />
  <option name="CALL_PARAMETERS_LPAREN_ON_NEXT_LINE" value="true" />
  <option name="CALL_PARAMETERS_RPAREN_ON_NEXT_LINE" value="true" />
  <option name="EXTENDS_KEYWORD_WRAP" value="1" />
  <option name="THROWS_KEYWORD_WRAP" value="1" />
  <option name="METHOD_CALL_CHAIN_WRAP" value="5" />
  <option name="FOR_STATEMENT_WRAP" value="5" />
  <option name="ARRAY_INITIALIZER_WRAP" value="5" />
  <option name="ARRAY_INITIALIZER_LBRACE_ON_NEXT_LINE" value="true" />
  <option name="ARRAY_INITIALIZER_RBRACE_ON_NEXT_LINE" value="true" />
  <option name="IF_BRACE_FORCE" value="3" />
  <option name="DOWHILE_BRACE_FORCE" value="3" />
  <option name="WHILE_BRACE_FORCE" value="3" />
  <option name="FOR_BRACE_FORCE" value="3" />
  <XML>
    <option name="XML_ATTRIBUTE_WRAP" value="4" />
    <option name="XML_LEGACY_SETTINGS_IMPORTED" value="true" />
  </XML>
  <ADDITIONAL_INDENT_OPTIONS fileType="scala">
    <option name="INDENT_SIZE" value="2" />
    <option name="CONTINUATION_INDENT_SIZE" value="2" />
    <option name="TAB_SIZE" value="2" />
  </ADDITIONAL_INDENT_OPTIONS>
  <ADDITIONAL_INDENT_OPTIONS fileType="txt">
    <option name="INDENT_SIZE" value="2" />
  </ADDITIONAL_INDENT_OPTIONS>
  <codeStyleSettings language="CoffeeScript">
    <option name="SPACE_WITHIN_METHOD_CALL_PARENTHESES" value="true" />
    <option name="SPACE_WITHIN_ARRAY_INITIALIZER_BRACES" value="true" />
    <option name="CALL_PARAMETERS_WRAP" value="5" />
    <option name="CALL_PARAMETERS_LPAREN_ON_NEXT_LINE" value="true" />
    <option name="CALL_PARAMETERS_RPAREN_ON_NEXT_LINE" value="true" />
    <option name="ARRAY_INITIALIZER_WRAP" value="5" />
    <option name="ARRAY_INITIALIZER_LBRACE_ON_NEXT_LINE" value="true" />
    <option name="ARRAY_INITIALIZER_RBRACE_ON_NEXT_LINE" value="true" />
    <option name="PARENT_SETTINGS_INSTALLED" value="true" />
  </codeStyleSettings>
  <codeStyleSettings language="GSP">
    <indentOptions>
      <option name="INDENT_SIZE" value="2" />
    </indentOptions>
  </codeStyleSettings>
  <codeStyleSettings language="Groovy">
    <option name="ELSE_ON_NEW_LINE" value="true" />
    <option name="CATCH_ON_NEW_LINE" value="true" />
    <option name="FINALLY_ON_NEW_LINE" value="true" />
    <option name="SPACE_WITHIN_PARENTHESES" value="true" />
    <option name="SPACE_WITHIN_METHOD_CALL_PARENTHESES" value="true" />
    <option name="SPACE_WITHIN_IF_PARENTHESES" value="true" />
    <option name="SPACE_WITHIN_WHILE_PARENTHESES" value="true" />
    <option name="SPACE_WITHIN_FOR_PARENTHESES" value="true" />
    <option name="SPACE_WITHIN_CATCH_PARENTHESES" value="true" />
    <option name="SPACE_WITHIN_SWITCH_PARENTHESES" value="true" />
    <option name="SPACE_WITHIN_SYNCHRONIZED_PARENTHESES" value="true" />
    <option name="CALL_PARAMETERS_WRAP" value="5" />
    <option name="CALL_PARAMETERS_LPAREN_ON_NEXT_LINE" value="true" />
    <option name="CALL_PARAMETERS_RPAREN_ON_NEXT_LINE" value="true" />
    <option name="EXTENDS_KEYWORD_WRAP" value="1" />
    <option name="THROWS_KEYWORD_WRAP" value="1" />
    <option name="METHOD_CALL_CHAIN_WRAP" value="5" />
    <option name="FOR_STATEMENT_WRAP" value="5" />
    <option name="ARRAY_INITIALIZER_WRAP" value="5" />
    <option name="ARRAY_INITIALIZER_LBRACE_ON_NEXT_LINE" value="true" />
    <option name="ARRAY_INITIALIZER_RBRACE_ON_NEXT_LINE" value="true" />
    <option name="IF_BRACE_FORCE" value="3" />
    <option name="DOWHILE_BRACE_FORCE" value="3" />
    <option name="WHILE_BRACE_FORCE" value="3" />
    <option name="FOR_BRACE_FORCE" value="3" />
    <option name="PARENT_SETTINGS_INSTALLED" value="true" />
  </codeStyleSettings>
  <codeStyleSettings language="JAVA">
    <option name="ELSE_ON_NEW_LINE" value="true" />
    <option name="CATCH_ON_NEW_LINE" value="true" />
    <option name="FINALLY_ON_NEW_LINE" value="true" />
    <option name="SPACE_WITHIN_PARENTHESES" value="true" />
    <option name="SPACE_WITHIN_METHOD_CALL_PARENTHESES" value="true" />
    <option name="SPACE_WITHIN_IF_PARENTHESES" value="true" />
    <option name="SPACE_WITHIN_WHILE_PARENTHESES" value="true" />
    <option name="SPACE_WITHIN_FOR_PARENTHESES" value="true" />
    <option name="SPACE_WITHIN_CATCH_PARENTHESES" value="true" />
    <option name="SPACE_WITHIN_SWITCH_PARENTHESES" value="true" />
    <option name="SPACE_WITHIN_SYNCHRONIZED_PARENTHESES" value="true" />
    <option name="SPACE_WITHIN_ARRAY_INITIALIZER_BRACES" value="true" />
    <option name="SPACE_BEFORE_ARRAY_INITIALIZER_LBRACE" value="true" />
    <option name="CALL_PARAMETERS_WRAP" value="5" />
    <option name="CALL_PARAMETERS_LPAREN_ON_NEXT_LINE" value="true" />
    <option name="CALL_PARAMETERS_RPAREN_ON_NEXT_LINE" value="true" />
    <option name="METHOD_PARAMETERS_WRAP" value="1" />
    <option name="EXTENDS_KEYWORD_WRAP" value="1" />
    <option name="THROWS_KEYWORD_WRAP" value="1" />
    <option name="METHOD_CALL_CHAIN_WRAP" value="5" />
    <option name="BINARY_OPERATION_WRAP" value="1" />
    <option name="TERNARY_OPERATION_WRAP" value="1" />
    <option name="FOR_STATEMENT_WRAP" value="5" />
    <option name="ARRAY_INITIALIZER_WRAP" value="5" />
    <option name="ARRAY_INITIALIZER_LBRACE_ON_NEXT_LINE" value="true" />
    <option name="ARRAY_INITIALIZER_RBRACE_ON_NEXT_LINE" value="true" />
    <option name="IF_BRACE_FORCE" value="3" />
    <option name="DOWHILE_BRACE_FORCE" value="3" />
    <option name="WHILE_BRACE_FORCE" value="3" />
    <option name="FOR_BRACE_FORCE" value="3" />
    <option name="PARENT_SETTINGS_INSTALLED" value="true" />
    <indentOptions>
      <option name="CONTINUATION_INDENT_SIZE" value="4" />
    </indentOptions>
    <arrangement>
      <groups>
        <group>
          <type>GETTERS_AND_SETTERS</type>
          <order>KEEP</order>
        </group>
      </groups>
      <rules>
        <rule>
          <match>
            <AND>
              <TYPE>FIELD</TYPE>
              <MODIFIER>PUBLIC</MODIFIER>
              <MODIFIER>STATIC</MODIFIER>
              <MODIFIER>FINAL</MODIFIER>
            </AND>
          </match>
        </rule>
        <rule>
          <match>
            <AND>
              <TYPE>FIELD</TYPE>
              <MODIFIER>PROTECTED</MODIFIER>
              <MODIFIER>STATIC</MODIFIER>
              <MODIFIER>FINAL</MODIFIER>
            </AND>
          </match>
        </rule>
        <rule>
          <match>
            <AND>
              <TYPE>FIELD</TYPE>
              <MODIFIER>PACKAGE_PRIVATE</MODIFIER>
              <MODIFIER>STATIC</MODIFIER>
              <MODIFIER>FINAL</MODIFIER>
            </AND>
          </match>
        </rule>
        <rule>
          <match>
            <AND>
              <TYPE>FIELD</TYPE>
              <MODIFIER>PRIVATE</MODIFIER>
              <MODIFIER>STATIC</MODIFIER>
              <MODIFIER>FINAL</MODIFIER>
            </AND>
          </match>
        </rule>
        <rule>
          <match>
            <AND>
              <TYPE>FIELD</TYPE>
              <MODIFIER>PUBLIC</MODIFIER>
              <MODIFIER>STATIC</MODIFIER>
            </AND>
          </match>
        </rule>
        <rule>
          <match>
            <AND>
              <TYPE>FIELD</TYPE>
              <MODIFIER>PROTECTED</MODIFIER>
              <MODIFIER>STATIC</MODIFIER>
            </AND>
          </match>
        </rule>
        <rule>
          <match>
            <AND>
              <TYPE>FIELD</TYPE>
              <MODIFIER>PACKAGE_PRIVATE</MODIFIER>
              <MODIFIER>STATIC</MODIFIER>
            </AND>
          </match>
        </rule>
        <rule>
          <match>
            <AND>
              <TYPE>FIELD</TYPE>
              <MODIFIER>PRIVATE</MODIFIER>
              <MODIFIER>STATIC</MODIFIER>
            </AND>
          </match>
        </rule>
        <rule>
          <match>
            <AND>
              <TYPE>FIELD</TYPE>
              <MODIFIER>PUBLIC</MODIFIER>
              <MODIFIER>FINAL</MODIFIER>
            </AND>
          </match>
        </rule>
        <rule>
          <match>
            <AND>
              <TYPE>FIELD</TYPE>
              <MODIFIER>PROTECTED</MODIFIER>
              <MODIFIER>FINAL</MODIFIER>
            </AND>
          </match>
        </rule>
        <rule>
          <match>
            <AND>
              <TYPE>FIELD</TYPE>
              <MODIFIER>PACKAGE_PRIVATE</MODIFIER>
              <MODIFIER>FINAL</MODIFIER>
            </AND>
          </match>
        </rule>
        <rule>
          <match>
            <AND>
              <TYPE>FIELD</TYPE>
              <MODIFIER>PRIVATE</MODIFIER>
              <MODIFIER>FINAL</MODIFIER>
            </AND>
          </match>
        </rule>
        <rule>
          <match>
            <AND>
              <TYPE>FIELD</TYPE>
              <MODIFIER>PUBLIC</MODIFIER>
            </AND>
          </match>
        </rule>
        <rule>
          <match>
            <AND>
              <TYPE>FIELD</TYPE>
              <MODIFIER>PROTECTED</MODIFIER>
            </AND>
          </match>
        </rule>
        <rule>
          <match>
            <AND>
              <TYPE>FIELD</TYPE>
              <MODIFIER>PACKAGE_PRIVATE</MODIFIER>
            </AND>
          </match>
        </rule>
        <rule>
          <match>
            <AND>
              <TYPE>FIELD</TYPE>
              <MODIFIER>PRIVATE</MODIFIER>
            </AND>
          </match>
        </rule>
        <rule>
          <match>
            <TYPE>FIELD</TYPE>
          </match>
        </rule>
        <rule>
          <match>
            <TYPE>CONSTRUCTOR</TYPE>
          </match>
        </rule>
        <rule>
          <match>
            <AND>
              <TYPE>METHOD</TYPE>
              <MODIFIER>STATIC</MODIFIER>
            </AND>
          </match>
        </rule>
        <rule>
          <match>
            <TYPE>METHOD</TYPE>
          </match>
        </rule>
        <rule>
          <match>
            <TYPE>ENUM</TYPE>
          </match>
        </rule>
        <rule>
          <match>
            <TYPE>INTERFACE</TYPE>
          </match>
        </rule>
        <rule>
          <match>
            <AND>
              <TYPE>CLASS</TYPE>
              <MODIFIER>STATIC</MODIFIER>
            </AND>
          </match>
        </rule>
        <rule>
          <match>
            <TYPE>CLASS</TYPE>
          </match>
        </rule>
      </rules>
    </arrangement>
  </codeStyleSettings>
  <codeStyleSettings language="JavaScript">
    <option name="ELSE_ON_NEW_LINE" value="true" />
    <option name="CATCH_ON_NEW_LINE" value="true" />
    <option name="FINALLY_ON_NEW_LINE" value="true" />
    <option name="SPACE_WITHIN_METHOD_CALL_PARENTHESES" value="true" />
    <option name="SPACE_WITHIN_IF_PARENTHESES" value="true" />
    <option name="SPACE_WITHIN_WHILE_PARENTHESES" value="true" />
    <option name="SPACE_WITHIN_FOR_PARENTHESES" value="true" />
    <option name="SPACE_WITHIN_CATCH_PARENTHESES" value="true" />
    <option name="SPACE_WITHIN_SWITCH_PARENTHESES" value="true" />
    <option name="CALL_PARAMETERS_WRAP" value="5" />
    <option name="CALL_PARAMETERS_LPAREN_ON_NEXT_LINE" value="true" />
    <option name="CALL_PARAMETERS_RPAREN_ON_NEXT_LINE" value="true" />
    <option name="FOR_STATEMENT_WRAP" value="5" />
    <option name="ARRAY_INITIALIZER_WRAP" value="5" />
    <option name="ARRAY_INITIALIZER_LBRACE_ON_NEXT_LINE" value="true" />
    <option name="ARRAY_INITIALIZER_RBRACE_ON_NEXT_LINE" value="true" />
    <option name="IF_BRACE_FORCE" value="3" />
    <option name="DOWHILE_BRACE_FORCE" value="3" />
    <option name="WHILE_BRACE_FORCE" value="3" />
    <option name="FOR_BRACE_FORCE" value="3" />
    <option name="PARENT_SETTINGS_INSTALLED" value="true" />
    <indentOptions>
      <option name="CONTINUATION_INDENT_SIZE" value="8" />
    </indentOptions>
  </codeStyleSettings>
  <codeStyleSettings language="SQL">
    <option name="SPACE_WITHIN_PARENTHESES" value="true" />
    <option name="SPACE_WITHIN_METHOD_CALL_PARENTHESES" value="true" />
    <option name="PARENT_SETTINGS_INSTALLED" value="true" />
  </codeStyleSettings>
</code_scheme>

